"ADDRESS","ADDRESSEE","FULL_NAME"
"IN MAIN
India","IN MAIN","IN MAIN"
"Azmi
Balakong  
Malaysia","Azmi","MEGA - MEGA BALAKONG : MIGA - MIGA BALAKONG"
"JB - JOHOR BAHRU
Johor Bahru  
Malaysia","JB - JOHOR BAHRU","MEGA - MEGA BALAKONG : JB - JOHOR BAHRU"
"KU - KUCHING
Kuching  
Malaysia","KU - KUCHING","MEGA - MEGA BALAKONG : KU - KUCHING"
"LIMB - LIMBANG
Limbang  
Malaysia","LIMB - LIMBANG","MEGA - MEGA BALAKONG : LIMB - LIMBANG"
"MI - MIRI
Miri  
Malaysia","MI - MIRI","MEGA - MEGA BALAKONG : MI - MIRI"
"SN - SANDAKAN
Sandakan  
Malaysia","SN - SANDAKAN","MEGA - MEGA BALAKONG : SN - SANDAKAN"
"ARME - ARME
Delivery Van 8
Malaysia","ARME - ARME","MEGA - MEGA BALAKONG : ARME - ARME"
"YOGA - YOGA
Delivery Van 14
Malaysia","YOGA - YOGA","MEGA - MEGA BALAKONG : YOGA - YOGA"
"NAWA-NAWAWI
Malaysia","NAWA-NAWAWI","MEGA - MEGA BALAKONG : NAWA-NAWAWI"
"HASR - HASROL
Delivery Van 10
Malaysia","HASR - HASROL","MEGA - MEGA BALAKONG : HASR - HASROL"
"LOCATION 3 
3017 Ubi Road 1 #01-131
408708
Singapore","Location 3 (RIC & IVY)","Location 2 (SEIS Singapore) : Location 3 (RIC & IVY)"
"BOOK CLUB RESERVED WAREHOUSE
Malaysia","BOOK CLUB RESERVED WAREHOUSE","BOOK CLUB RESERVED WAREHOUSE"
"Grolier Malaysia
Malaysia","Grolier Malaysia","TRADE RESERVED WAREHOUSE"
"Grolier Malaysia
Malaysia","Grolier Malaysia","EDUCATION EXCESS WAREHOUSE"
"TH SCHOLASTIC
Thailand","TH SCHOLASTIC","TH SCHOLASTIC"
"PK - PORT KLANG
Klang  
Malaysia","PK - PORT KLANG","MEGA - MEGA BALAKONG : PK - PORT KLANG"
"DROP SHIPMENT TH
Thailand","DROP SHIPMENT TH","DROP SHIPMENT TH"
"LB - LABUAN
Labuan  
Malaysia","LB - LABUAN","MEGA - MEGA BALAKONG : LB - LABUAN"
"LKWI - LANGKAWI
Langkawi  
Malaysia","LKWI - LANGKAWI","MEGA - MEGA BALAKONG : LKWI - LANGKAWI"
"SI - SIBU
Sibu  
Malaysia","SI - SIBU","MEGA - MEGA BALAKONG : SI - SIBU"
"TA - TAWAU
Tawau  
Malaysia","TA - TAWAU","MEGA - MEGA BALAKONG : TA - TAWAU"
"ANTH - ANTHONY
Delivery Van 2
Malaysia","ANTH - ANTHONY","MEGA - MEGA BALAKONG : ANTH - ANTHONY"
"NS - NORMAN
Delivery Van 4
Malaysia","NS - NORMAN","MEGA - MEGA BALAKONG : NS - NORMAN"
"ZAM - ZAMRI
Delivery Van 7
Malaysia","ZAM - ZAMRI","MEGA - MEGA BALAKONG : ZAM - ZAMRI"
"SZAN - SANIZAN
Delivery Van 13
Malaysia","SZAN - SANIZAN","MEGA - MEGA BALAKONG : SZAN - SANIZAN"
"CONSIGNMENT TESCO
Malaysia","CONSIGNMENT TESCO","CONSIGNMENT TESCO"
"CONSIGNMENT AMARIN
Malaysia","CONSIGNMENT AMARIN","CONSIGNMENT AMARIN"
"Location 5 (Printer)
Singapore","Location 5 (Printer)","Location 2 (SEIS Singapore) : Location 5 (Printer)"
"DROP SHIPMENT MY
Malaysia","DROP SHIPMENT MY","DROP SHIPMENT MY"
"Azmi
Lot 7.01 Plaza First Nationwide
161 Jalan Tun H.S. Lee
Kuala Lumpur  50000
Malaysia","Azmi","MEGA - MEGA BALAKONG : KL - KL OFFICE"
"SHAM - HISHAM
Delivery Van 5
Malaysia","SHAM - HISHAM","MEGA - MEGA BALAKONG : SHAM - HISHAM"
"NAZR - NAZIR
Delivery Van 11
Malaysia","NAZR - NAZIR","MEGA - MEGA BALAKONG : NAZR - NAZIR"
"Location 4 (Bookfair)
Singapore","Location 4 (Bookfair)","Location 2 (SEIS Singapore) : Location 4 (Bookfair)"
"Lim Chong Hui
PT43117, Batu 13,
Off Jalan Balakong,
Balakong,  43300
Malaysia","Lim Chong Hui","BOOK CLUB MAIN WAREHOUSE"
"Lim Chong Hui
PT43117, Batu 13,
Off Jalan Balakong,
Balakong,  43300
Malaysia","Lim Chong Hui","TRADE MAIN WAREHOUSE"
"Lim Chong Hui
PT43117, Batu 13,
Off Jalan Balakong,
Balakong,  43300
Malaysia","Lim Chong Hui","EDUCATION MAIN WAREHOUSE"
"VAN WAREHOUSE
Singapore","VAN WAREHOUSE","VAN WAREHOUSE"
"AZRI - AZRIL
Delivery Van 9
Malaysia","AZRI - AZRIL","MEGA - MEGA BALAKONG : AZRI - AZRIL"
"ZBRI - ZAMBRI BROHIM
Delivery Van 15
Malaysia","ZBRI - ZAMBRI BROHIM","MEGA - MEGA BALAKONG : ZBRI - ZAMBRI BROHIM"
"DROP SHIPMENT SG
Singapore","DROP SHIPMENT SG","DROP SHIPMENT SG"
"ID Jakarta Main
Indonesia","ID Jakarta Main","ID Jakarta Main"
"Head Office
27F (Penthouse) Prestige Tower, F. Ortigas Jr Road,
Ortigas
Pasig City Select... 1611
Philippines","Head Office","Head Office"
"Azmi
Bangunan MIGA, Lot 1998/C,
Jalan Perusahaan 3, Taman Industri Selesa Jaya (Balakong),
Balakong,  43300
Malaysia","Azmi","MEGA - MEGA BALAKONG"
"Grolier Malaysia
Malaysia","Grolier Malaysia","TRADE EXCESS WAREHOUSE"
"Grolier Malaysia
Malaysia","Grolier Malaysia","BOOK CLUB EXCESS WAREHOUSE"
"YFE-Clark Express Pte Ltd
27 Changi North Crescent
Singapore, 499618
Tel:  67480002","YFE-Clark Express Pte Ltd","YFE WAREHOUSE"
"Christchurch  
New Zealand",,"Christchurch"
"PH Location
Malaysia","PH Location","PH Location"
"21 Lady Ruby Drive, 
East Tamaki,
Auckland  2013
New Zealand",,"Auckland"
"Lim Chong Hui
Lot 1998/C, Jalan Perusahaan 3,
Taman Industri Selesa Jaya (Balakong),
Balakong,  43300
Malaysia","Lim Chong Hui","BOOK CLUB PUBLIC WAREHOUSE"
"Grolier Malaysia
Lot 1998/C, Jalan Perusahaan 3,
Taman Industri Selesa Jaya (Balakong),
Balakong,  43300
Malaysia","Grolier Malaysia","TRADE PUBLIC WAREHOUSE"
"Grolier Malaysia
Malaysia","Grolier Malaysia","EDUCATION RESERVED WAREHOUSE"
"Scholastic Education International (Singapore) Pte Ltd 
Singapore","Location 2 (SEIS Singapore)","Location 2 (SEIS Singapore)"
"Book Club Warehouse
21 Lady Ruby Drive
East Tamaki
Auckland   2013
New Zealand","Book Club Warehouse","Auckland : Book Club Warehouse"
"General Warehouse
21 Lady Ruby Drive
East Tamaki
Auckland  2013
New Zealand","General Warehouse","Auckland : General Warehouse"
"BIH Warehouse
21 Lady Ruby Drive
East Tamaki
Auckland  2013
New Zealand","BIH Warehouse","Auckland : BIH Warehouse"
"Book Fairs Warehouse
21 Lady Ruby Drive
East Tamaki
Auckland  2013
New Zealand","Book Fairs Warehouse","Auckland : Book Fairs Warehouse"
"Standing Orders Warehouse
21 Lady Ruby Drive
East Tamaki
Auckland  2013
New Zealand","Standing Orders Warehouse","Auckland : Standing Orders Warehouse"
"BT - BINTULU
Bintulu  
Malaysia","BT - BINTULU","MEGA - MEGA BALAKONG : BT - BINTULU"
"KK - KOTA KINABALU
Kota Kinabalu  
Malaysia","KK - KOTA KINABALU","MEGA - MEGA BALAKONG : KK - KOTA KINABALU"
"AMD - AHMAD
Delivery Van 1
Malaysia","AMD - AHMAD","MEGA - MEGA BALAKONG : AMD - AHMAD"
"AZM - AZMAN
Delivery Van 3
Malaysia","AZM - AZMAN","MEGA - MEGA BALAKONG : AZM - AZMAN"
"ZAK - ZAKRI MOHD
Delivery Van 6
Malaysia","ZAK - ZAKRI MOHD","MEGA - MEGA BALAKONG : ZAK - ZAKRI MOHD"
"SRIL - SHARIL
Delivery Van 12
Malaysia","SRIL - SHARIL","MEGA - MEGA BALAKONG : SRIL - SHARIL"
"TH RAMA MAIN
Thailand","TH RAMA MAIN","TH RAMA MAIN"